{"icons":[{"name":"3d_rotation","id":"3d_rotation","unicode":"e800","created":1},{"name":"ac_unit","id":"ac_unit","unicode":"e801","created":1},{"name":"access_alarm","id":"access_alarm","unicode":"e802","created":1},{"name":"access_alarms","id":"access_alarms","unicode":"e803","created":1},{"name":"access_time","id":"access_time","unicode":"e804","created":1},{"name":"accessibility","id":"accessibility","unicode":"e805","created":1},{"name":"accessible","id":"accessible","unicode":"e806","created":1},{"name":"account_balance","id":"account_balance","unicode":"e807","created":1},{"name":"account_balance_wallet","id":"account_balance_wallet","unicode":"e808","created":1},{"name":"account_box","id":"account_box","unicode":"e809","created":1},{"name":"account_circle","id":"account_circle","unicode":"e80a","created":1},{"name":"adb","id":"adb","unicode":"e80b","created":1},{"name":"add","id":"add","unicode":"e80c","created":1},{"name":"add_a_photo","id":"add_a_photo","unicode":"e80d","created":1},{"name":"add_alarm","id":"add_alarm","unicode":"e80e","created":1},{"name":"add_alert","id":"add_alert","unicode":"e80f","created":1},{"name":"add_box","id":"add_box","unicode":"e810","created":1},{"name":"add_shopping_cart","id":"add_shopping_cart","unicode":"e811","created":1},{"name":"add_to_photos","id":"add_to_photos","unicode":"e812","created":1},{"name":"add_to_queue","id":"add_to_queue","unicode":"e813","created":1},{"name":"adjust","id":"adjust","unicode":"e814","created":1},{"name":"airline_seat_flat","id":"airline_seat_flat","unicode":"e815","created":1},{"name":"airline_seat_flat_angled","id":"airline_seat_flat_angled","unicode":"e816","created":1},{"name":"airline_seat_individual_suite","id":"airline_seat_individual_suite","unicode":"e817","created":1},{"name":"airline_seat_legroom_extra","id":"airline_seat_legroom_extra","unicode":"e818","created":1},{"name":"airline_seat_legroom_normal","id":"airline_seat_legroom_normal","unicode":"e819","created":1},{"name":"airline_seat_legroom_reduced","id":"airline_seat_legroom_reduced","unicode":"e81a","created":1},{"name":"airline_seat_recline_extra","id":"airline_seat_recline_extra","unicode":"e81b","created":1},{"name":"airline_seat_recline_normal","id":"airline_seat_recline_normal","unicode":"e81c","created":1},{"name":"airplanemode_active","id":"airplanemode_active","unicode":"e81d","created":1},{"name":"airplanemode_inactive","id":"airplanemode_inactive","unicode":"e81e","created":1},{"name":"airplay","id":"airplay","unicode":"e81f","created":1},{"name":"airport_shuttle","id":"airport_shuttle","unicode":"e820","created":1},{"name":"alarm","id":"alarm","unicode":"e821","created":1},{"name":"album","id":"album","unicode":"e822","created":1},{"name":"all_inclusive","id":"all_inclusive","unicode":"e823","created":1},{"name":"all_out","id":"all_out","unicode":"e824","created":1},{"name":"android","id":"android","unicode":"e825","created":1},{"name":"announcement","id":"announcement","unicode":"e826","created":1},{"name":"apps","id":"apps","unicode":"e827","created":1},{"name":"archive","id":"archive","unicode":"e828","created":1},{"name":"arrow_back","id":"arrow_back","unicode":"e829","created":1},{"name":"arrow_downward","id":"arrow_downward","unicode":"e82a","created":1},{"name":"arrow_drop_down","id":"arrow_drop_down","unicode":"e82b","created":1},{"name":"arrow_drop_down_circle","id":"arrow_drop_down_circle","unicode":"e82c","created":1},{"name":"arrow_drop_up","id":"arrow_drop_up","unicode":"e82d","created":1},{"name":"arrow_forward","id":"arrow_forward","unicode":"e82e","created":1},{"name":"arrow_upward","id":"arrow_upward","unicode":"e82f","created":1},{"name":"art_track","id":"art_track","unicode":"e830","created":1},{"name":"aspect_ratio","id":"aspect_ratio","unicode":"e831","created":1},{"name":"assessment","id":"assessment","unicode":"e832","created":1},{"name":"assignment_return","id":"assignment_return","unicode":"e833","created":1},{"name":"assignment_returned","id":"assignment_returned","unicode":"e834","created":1},{"name":"assignment_turned_in","id":"assignment_turned_in","unicode":"e835","created":1},{"name":"assistant","id":"assistant","unicode":"e836","created":1},{"name":"assistant_photo","id":"assistant_photo","unicode":"e837","created":1},{"name":"attach_file","id":"attach_file","unicode":"e838","created":1},{"name":"attach_money","id":"attach_money","unicode":"e839","created":1},{"name":"attachment","id":"attachment","unicode":"e83a","created":1},{"name":"audiotrack","id":"audiotrack","unicode":"e83b","created":1},{"name":"autorenew","id":"autorenew","unicode":"e83c","created":1},{"name":"av_timer","id":"av_timer","unicode":"e83d","created":1},{"name":"backspace","id":"backspace","unicode":"e83e","created":1},{"name":"backup","id":"backup","unicode":"e83f","created":1},{"name":"battery_alert","id":"battery_alert","unicode":"e840","created":1},{"name":"battery_charging_full","id":"battery_charging_full","unicode":"e841","created":1},{"name":"battery_full","id":"battery_full","unicode":"e842","created":1},{"name":"battery_std","id":"battery_std","unicode":"e843","created":1},{"name":"block","id":"block","unicode":"e844","created":1},{"name":"bluetooth","id":"bluetooth","unicode":"e845","created":1},{"name":"bluetooth_audio","id":"bluetooth_audio","unicode":"e846","created":1},{"name":"bluetooth_connected","id":"bluetooth_connected","unicode":"e847","created":1},{"name":"bluetooth_disabled","id":"bluetooth_disabled","unicode":"e848","created":1},{"name":"bluetooth_searching","id":"bluetooth_searching","unicode":"e849","created":1},{"name":"blur_circular","id":"blur_circular","unicode":"e84a","created":1},{"name":"blur_linear","id":"blur_linear","unicode":"e84b","created":1},{"name":"blur_off","id":"blur_off","unicode":"e84c","created":1},{"name":"blur_on","id":"blur_on","unicode":"e84d","created":1},{"name":"book","id":"book","unicode":"e84e","created":1},{"name":"bookmark","id":"bookmark","unicode":"e84f","created":1},{"name":"bookmark_border","id":"bookmark_border","unicode":"e850","created":1},{"name":"border_all","id":"border_all","unicode":"e851","created":1},{"name":"border_bottom","id":"border_bottom","unicode":"e852","created":1},{"name":"border_clear","id":"border_clear","unicode":"e853","created":1},{"name":"border_color","id":"border_color","unicode":"e854","created":1},{"name":"border_outer","id":"border_outer","unicode":"e855","created":1},{"name":"border_right","id":"border_right","unicode":"e856","created":1},{"name":"border_style","id":"border_style","unicode":"e857","created":1},{"name":"border_top","id":"border_top","unicode":"e858","created":1},{"name":"border_vertical","id":"border_vertical","unicode":"e859","created":1},{"name":"branding_watermark","id":"branding_watermark","unicode":"e85a","created":1},{"name":"brightness_1","id":"brightness_1","unicode":"e85b","created":1},{"name":"brightness_2","id":"brightness_2","unicode":"e85c","created":1},{"name":"brightness_3","id":"brightness_3","unicode":"e85d","created":1},{"name":"brightness_4","id":"brightness_4","unicode":"e85e","created":1},{"name":"brightness_5","id":"brightness_5","unicode":"e85f","created":1},{"name":"brightness_6","id":"brightness_6","unicode":"e860","created":1},{"name":"brightness_7","id":"brightness_7","unicode":"e861","created":1},{"name":"brightness_auto","id":"brightness_auto","unicode":"e862","created":1},{"name":"brightness_high","id":"brightness_high","unicode":"e863","created":1},{"name":"brightness_low","id":"brightness_low","unicode":"e864","created":1},{"name":"brightness_medium","id":"brightness_medium","unicode":"e865","created":1},{"name":"bug_report","id":"bug_report","unicode":"e866","created":1},{"name":"build","id":"build","unicode":"e867","created":1},{"name":"burst_mode","id":"burst_mode","unicode":"e868","created":1},{"name":"business","id":"business","unicode":"e869","created":1},{"name":"business_center","id":"business_center","unicode":"e86a","created":1},{"name":"cached","id":"cached","unicode":"e86b","created":1},{"name":"cake","id":"cake","unicode":"e86c","created":1},{"name":"call","id":"call","unicode":"e86d","created":1},{"name":"call_end","id":"call_end","unicode":"e86e","created":1},{"name":"call_made","id":"call_made","unicode":"e86f","created":1},{"name":"call_merge","id":"call_merge","unicode":"e870","created":1},{"name":"call_missed","id":"call_missed","unicode":"e871","created":1},{"name":"call_missed_outgoing","id":"call_missed_outgoing","unicode":"e872","created":1},{"name":"call_received","id":"call_received","unicode":"e873","created":1},{"name":"call_split","id":"call_split","unicode":"e874","created":1},{"name":"call_to_action","id":"call_to_action","unicode":"e875","created":1},{"name":"camera","id":"camera","unicode":"e876","created":1},{"name":"camera_rear","id":"camera_rear","unicode":"e877","created":1},{"name":"camera_roll","id":"camera_roll","unicode":"e878","created":1},{"name":"cancel","id":"cancel","unicode":"e879","created":1},{"name":"card_giftcard","id":"card_giftcard","unicode":"e87a","created":1},{"name":"card_membership","id":"card_membership","unicode":"e87b","created":1},{"name":"card_travel","id":"card_travel","unicode":"e87c","created":1},{"name":"casino","id":"casino","unicode":"e87d","created":1},{"name":"cast","id":"cast","unicode":"e87e","created":1},{"name":"cast_connected","id":"cast_connected","unicode":"e87f","created":1},{"name":"center_focus_strong","id":"center_focus_strong","unicode":"e880","created":1},{"name":"center_focus_weak","id":"center_focus_weak","unicode":"e881","created":1},{"name":"change_history","id":"change_history","unicode":"e882","created":1},{"name":"chat","id":"chat","unicode":"e883","created":1},{"name":"chat_bubble","id":"chat_bubble","unicode":"e884","created":1},{"name":"chat_bubble_outline","id":"chat_bubble_outline","unicode":"e885","created":1},{"name":"check","id":"check","unicode":"e886","created":1},{"name":"check_box","id":"check_box","unicode":"e887","created":1},{"name":"chevron_right","id":"chevron_right","unicode":"e888","created":1},{"name":"child_care","id":"child_care","unicode":"e889","created":1},{"name":"child_friendly","id":"child_friendly","unicode":"e88a","created":1},{"name":"chrome_reader_mode","id":"chrome_reader_mode","unicode":"e88b","created":1},{"name":"class","id":"class","unicode":"e88c","created":1},{"name":"clear","id":"clear","unicode":"e88d","created":1},{"name":"clear_all","id":"clear_all","unicode":"e88e","created":1},{"name":"close","id":"close","unicode":"e88f","created":1},{"name":"closed_caption","id":"closed_caption","unicode":"e890","created":1},{"name":"cloud","id":"cloud","unicode":"e891","created":1},{"name":"cloud_circle","id":"cloud_circle","unicode":"e892","created":1},{"name":"cloud_done","id":"cloud_done","unicode":"e893","created":1},{"name":"cloud_download","id":"cloud_download","unicode":"e894","created":1},{"name":"cloud_off","id":"cloud_off","unicode":"e895","created":1},{"name":"cloud_queue","id":"cloud_queue","unicode":"e896","created":1},{"name":"cloud_upload","id":"cloud_upload","unicode":"e897","created":1},{"name":"code","id":"code","unicode":"e898","created":1},{"name":"add_circle","id":"add_circle","unicode":"e899","created":1},{"name":"add_circle_outline","id":"add_circle_outline","unicode":"e89a","created":1},{"name":"add_location","id":"add_location","unicode":"e89b","created":1},{"name":"alarm_add","id":"alarm_add","unicode":"e89c","created":1},{"name":"alarm_off","id":"alarm_off","unicode":"e89d","created":1},{"name":"alarm_on","id":"alarm_on","unicode":"e89e","created":1},{"name":"assignment","id":"assignment","unicode":"e89f","created":1},{"name":"assignment_ind","id":"assignment_ind","unicode":"e8a0","created":1},{"name":"assignment_late","id":"assignment_late","unicode":"e8a1","created":1},{"name":"battery_unknown","id":"battery_unknown","unicode":"e8a2","created":1},{"name":"beach_access","id":"beach_access","unicode":"e8a3","created":1},{"name":"beenhere","id":"beenhere","unicode":"e8a4","created":1},{"name":"border_horizontal","id":"border_horizontal","unicode":"e8a5","created":1},{"name":"border_inner","id":"border_inner","unicode":"e8a6","created":1},{"name":"border_left","id":"border_left","unicode":"e8a7","created":1},{"name":"broken_image","id":"broken_image","unicode":"e8a8","created":1},{"name":"brush","id":"brush","unicode":"e8a9","created":1},{"name":"bubble_chart","id":"bubble_chart","unicode":"e8aa","created":1},{"name":"camera_alt","id":"camera_alt","unicode":"e8ab","created":1},{"name":"camera_enhance","id":"camera_enhance","unicode":"e8ac","created":1},{"name":"camera_front","id":"camera_front","unicode":"e8ad","created":1},{"name":"check_box_outline_blank","id":"check_box_outline_blank","unicode":"e8ae","created":1},{"name":"check_circle","id":"check_circle","unicode":"e8af","created":1},{"name":"chevron_left","id":"chevron_left","unicode":"e8b0","created":1},{"name":"collections","id":"collections","unicode":"e8b1","created":1},{"name":"collections_bookmark","id":"collections_bookmark","unicode":"e8b2","created":1},{"name":"color_lens","id":"color_lens","unicode":"e8b3","created":1},{"name":"colorize","id":"colorize","unicode":"e8b4","created":1},{"name":"comment","id":"comment","unicode":"e8b5","created":1},{"name":"compare","id":"compare","unicode":"e8b6","created":1},{"name":"compare_arrows","id":"compare_arrows","unicode":"e8b7","created":1},{"name":"computer","id":"computer","unicode":"e8b8","created":1},{"name":"confirmation_number","id":"confirmation_number","unicode":"e8b9","created":1},{"name":"contact_mail","id":"contact_mail","unicode":"e8ba","created":1},{"name":"contact_phone","id":"contact_phone","unicode":"e8bb","created":1},{"name":"contacts","id":"contacts","unicode":"e8bc","created":1},{"name":"content_copy","id":"content_copy","unicode":"e8bd","created":1},{"name":"content_cut","id":"content_cut","unicode":"e8be","created":1},{"name":"content_paste","id":"content_paste","unicode":"e8bf","created":1},{"name":"control_point","id":"control_point","unicode":"e8c0","created":1},{"name":"control_point_duplicate","id":"control_point_duplicate","unicode":"e8c1","created":1},{"name":"copyright","id":"copyright","unicode":"e8c2","created":1},{"name":"create","id":"create","unicode":"e8c3","created":1},{"name":"create_new_folder","id":"create_new_folder","unicode":"e8c4","created":1},{"name":"credit_card","id":"credit_card","unicode":"e8c5","created":1},{"name":"crop","id":"crop","unicode":"e8c6","created":1},{"name":"crop_16_9","id":"crop_16_9","unicode":"e8c7","created":1},{"name":"crop_3_2","id":"crop_3_2","unicode":"e8c8","created":1},{"name":"crop_5_4","id":"crop_5_4","unicode":"e8c9","created":1},{"name":"crop_7_5","id":"crop_7_5","unicode":"e8ca","created":1},{"name":"crop_din","id":"crop_din","unicode":"e8cb","created":1},{"name":"crop_free","id":"crop_free","unicode":"e8cc","created":1},{"name":"crop_landscape","id":"crop_landscape","unicode":"e8cd","created":1},{"name":"crop_original","id":"crop_original","unicode":"e8ce","created":1},{"name":"crop_portrait","id":"crop_portrait","unicode":"e8cf","created":1},{"name":"crop_rotate","id":"crop_rotate","unicode":"e8d0","created":1},{"name":"crop_square","id":"crop_square","unicode":"e8d1","created":1},{"name":"dashboard","id":"dashboard","unicode":"e8d2","created":1},{"name":"data_usage","id":"data_usage","unicode":"e8d3","created":1},{"name":"date_range","id":"date_range","unicode":"e8d4","created":1},{"name":"dehaze","id":"dehaze","unicode":"e8d5","created":1},{"name":"delete","id":"delete","unicode":"e8d6","created":1},{"name":"delete_forever","id":"delete_forever","unicode":"e8d7","created":1},{"name":"delete_sweep","id":"delete_sweep","unicode":"e8d8","created":1},{"name":"description","id":"description","unicode":"e8d9","created":1},{"name":"desktop_mac","id":"desktop_mac","unicode":"e8da","created":1},{"name":"desktop_windows","id":"desktop_windows","unicode":"e8db","created":1},{"name":"details","id":"details","unicode":"e8dc","created":1},{"name":"developer_board","id":"developer_board","unicode":"e8dd","created":1},{"name":"developer_mode","id":"developer_mode","unicode":"e8de","created":1},{"name":"device_hub","id":"device_hub","unicode":"e8df","created":1},{"name":"devices","id":"devices","unicode":"e8e0","created":1},{"name":"devices_other","id":"devices_other","unicode":"e8e1","created":1},{"name":"dialer_sip","id":"dialer_sip","unicode":"e8e2","created":1},{"name":"dialpad","id":"dialpad","unicode":"e8e3","created":1},{"name":"directions","id":"directions","unicode":"e8e4","created":1},{"name":"directions_bike","id":"directions_bike","unicode":"e8e5","created":1},{"name":"directions_boat","id":"directions_boat","unicode":"e8e6","created":1},{"name":"directions_bus","id":"directions_bus","unicode":"e8e7","created":1},{"name":"directions_car","id":"directions_car","unicode":"e8e8","created":1},{"name":"directions_railway","id":"directions_railway","unicode":"e8e9","created":1},{"name":"directions_run","id":"directions_run","unicode":"e8ea","created":1},{"name":"directions_subway","id":"directions_subway","unicode":"e8eb","created":1},{"name":"directions_transit","id":"directions_transit","unicode":"e8ec","created":1},{"name":"directions_walk","id":"directions_walk","unicode":"e8ed","created":1},{"name":"disc_full","id":"disc_full","unicode":"e8ee","created":1},{"name":"dns","id":"dns","unicode":"e8ef","created":1},{"name":"do_not_disturb","id":"do_not_disturb","unicode":"e8f0","created":1},{"name":"do_not_disturb_alt","id":"do_not_disturb_alt","unicode":"e8f1","created":1},{"name":"do_not_disturb_off","id":"do_not_disturb_off","unicode":"e8f2","created":1},{"name":"do_not_disturb_on","id":"do_not_disturb_on","unicode":"e8f3","created":1},{"name":"dock","id":"dock","unicode":"e8f4","created":1},{"name":"domain","id":"domain","unicode":"e8f5","created":1},{"name":"done","id":"done","unicode":"e8f6","created":1},{"name":"done_all","id":"done_all","unicode":"e8f7","created":1},{"name":"donut_large","id":"donut_large","unicode":"e8f8","created":1},{"name":"donut_small","id":"donut_small","unicode":"e8f9","created":1},{"name":"drafts","id":"drafts","unicode":"e8fa","created":1},{"name":"drag_handle","id":"drag_handle","unicode":"e8fb","created":1},{"name":"drive_eta","id":"drive_eta","unicode":"e8fc","created":1},{"name":"dvr","id":"dvr","unicode":"e8fd","created":1},{"name":"edit","id":"edit","unicode":"e8fe","created":1},{"name":"edit_location","id":"edit_location","unicode":"e8ff","created":1},{"name":"eject","id":"eject","unicode":"e900","created":1},{"name":"email","id":"email","unicode":"e901","created":1},{"name":"enhanced_encryption","id":"enhanced_encryption","unicode":"e902","created":1},{"name":"equalizer","id":"equalizer","unicode":"e903","created":1},{"name":"error","id":"error","unicode":"e904","created":1},{"name":"error_outline","id":"error_outline","unicode":"e905","created":1},{"name":"euro_symbol","id":"euro_symbol","unicode":"e906","created":1},{"name":"ev_station","id":"ev_station","unicode":"e907","created":1},{"name":"event","id":"event","unicode":"e908","created":1},{"name":"event_available","id":"event_available","unicode":"e909","created":1},{"name":"event_busy","id":"event_busy","unicode":"e90a","created":1},{"name":"event_note","id":"event_note","unicode":"e90b","created":1},{"name":"event_seat","id":"event_seat","unicode":"e90c","created":1},{"name":"exit_to_app","id":"exit_to_app","unicode":"e90d","created":1},{"name":"expand_less","id":"expand_less","unicode":"e90e","created":1},{"name":"expand_more","id":"expand_more","unicode":"e90f","created":1},{"name":"explicit","id":"explicit","unicode":"e910","created":1},{"name":"explore","id":"explore","unicode":"e911","created":1},{"name":"exposure","id":"exposure","unicode":"e912","created":1},{"name":"exposure_neg_1","id":"exposure_neg_1","unicode":"e913","created":1},{"name":"exposure_neg_2","id":"exposure_neg_2","unicode":"e914","created":1},{"name":"exposure_plus_1","id":"exposure_plus_1","unicode":"e915","created":1},{"name":"exposure_plus_2","id":"exposure_plus_2","unicode":"e916","created":1},{"name":"exposure_zero","id":"exposure_zero","unicode":"e917","created":1},{"name":"extension","id":"extension","unicode":"e918","created":1},{"name":"face","id":"face","unicode":"e919","created":1},{"name":"fast_forward","id":"fast_forward","unicode":"e91a","created":1},{"name":"fast_rewind","id":"fast_rewind","unicode":"e91b","created":1},{"name":"favorite","id":"favorite","unicode":"e91c","created":1},{"name":"favorite_border","id":"favorite_border","unicode":"e91d","created":1},{"name":"featured_play_list","id":"featured_play_list","unicode":"e91e","created":1},{"name":"featured_video","id":"featured_video","unicode":"e91f","created":1},{"name":"feedback","id":"feedback","unicode":"e920","created":1},{"name":"fiber_dvr","id":"fiber_dvr","unicode":"e921","created":1},{"name":"fiber_manual_record","id":"fiber_manual_record","unicode":"e922","created":1},{"name":"fiber_new","id":"fiber_new","unicode":"e923","created":1},{"name":"fiber_pin","id":"fiber_pin","unicode":"e924","created":1},{"name":"fiber_smart_record","id":"fiber_smart_record","unicode":"e925","created":1},{"name":"file_download","id":"file_download","unicode":"e926","created":1},{"name":"file_upload","id":"file_upload","unicode":"e927","created":1},{"name":"filter","id":"filter","unicode":"e928","created":1},{"name":"filter_1","id":"filter_1","unicode":"e929","created":1},{"name":"filter_2","id":"filter_2","unicode":"e92a","created":1},{"name":"filter_3","id":"filter_3","unicode":"e92b","created":1},{"name":"filter_4","id":"filter_4","unicode":"e92c","created":1},{"name":"filter_5","id":"filter_5","unicode":"e92d","created":1},{"name":"filter_6","id":"filter_6","unicode":"e92e","created":1},{"name":"filter_7","id":"filter_7","unicode":"e92f","created":1},{"name":"filter_8","id":"filter_8","unicode":"e930","created":1},{"name":"filter_9","id":"filter_9","unicode":"e931","created":1},{"name":"filter_9_plus","id":"filter_9_plus","unicode":"e932","created":1},{"name":"filter_b_and_w","id":"filter_b_and_w","unicode":"e933","created":1},{"name":"filter_center_focus","id":"filter_center_focus","unicode":"e934","created":1},{"name":"filter_drama","id":"filter_drama","unicode":"e935","created":1},{"name":"filter_frames","id":"filter_frames","unicode":"e936","created":1},{"name":"filter_hdr","id":"filter_hdr","unicode":"e937","created":1},{"name":"filter_list","id":"filter_list","unicode":"e938","created":1},{"name":"filter_none","id":"filter_none","unicode":"e939","created":1},{"name":"filter_tilt_shift","id":"filter_tilt_shift","unicode":"e93a","created":1},{"name":"filter_vintage","id":"filter_vintage","unicode":"e93b","created":1},{"name":"find_in_page","id":"find_in_page","unicode":"e93c","created":1},{"name":"find_replace","id":"find_replace","unicode":"e93d","created":1},{"name":"fingerprint","id":"fingerprint","unicode":"e93e","created":1},{"name":"first_page","id":"first_page","unicode":"e93f","created":1},{"name":"fitness_center","id":"fitness_center","unicode":"e940","created":1},{"name":"flag","id":"flag","unicode":"e941","created":1},{"name":"flare","id":"flare","unicode":"e942","created":1},{"name":"flash_auto","id":"flash_auto","unicode":"e943","created":1},{"name":"flash_off","id":"flash_off","unicode":"e944","created":1},{"name":"flash_on","id":"flash_on","unicode":"e945","created":1},{"name":"flight","id":"flight","unicode":"e946","created":1},{"name":"flight_land","id":"flight_land","unicode":"e947","created":1},{"name":"flight_takeoff","id":"flight_takeoff","unicode":"e948","created":1},{"name":"flip","id":"flip","unicode":"e949","created":1},{"name":"flip_to_back","id":"flip_to_back","unicode":"e94a","created":1},{"name":"flip_to_front","id":"flip_to_front","unicode":"e94b","created":1},{"name":"folder","id":"folder","unicode":"e94c","created":1},{"name":"folder_open","id":"folder_open","unicode":"e94d","created":1},{"name":"folder_shared","id":"folder_shared","unicode":"e94e","created":1},{"name":"folder_special","id":"folder_special","unicode":"e94f","created":1},{"name":"font_download","id":"font_download","unicode":"e950","created":1},{"name":"format_align_center","id":"format_align_center","unicode":"e951","created":1},{"name":"format_align_justify","id":"format_align_justify","unicode":"e952","created":1},{"name":"format_align_left","id":"format_align_left","unicode":"e953","created":1},{"name":"format_align_right","id":"format_align_right","unicode":"e954","created":1},{"name":"format_bold","id":"format_bold","unicode":"e955","created":1},{"name":"format_clear","id":"format_clear","unicode":"e956","created":1},{"name":"format_color_fill","id":"format_color_fill","unicode":"e957","created":1},{"name":"format_color_reset","id":"format_color_reset","unicode":"e958","created":1},{"name":"format_color_text","id":"format_color_text","unicode":"e959","created":1},{"name":"format_indent_decrease","id":"format_indent_decrease","unicode":"e95a","created":1},{"name":"format_indent_increase","id":"format_indent_increase","unicode":"e95b","created":1},{"name":"format_italic","id":"format_italic","unicode":"e95c","created":1},{"name":"format_line_spacing","id":"format_line_spacing","unicode":"e95d","created":1},{"name":"format_list_bulleted","id":"format_list_bulleted","unicode":"e95e","created":1},{"name":"format_list_numbered","id":"format_list_numbered","unicode":"e95f","created":1},{"name":"format_paint","id":"format_paint","unicode":"e960","created":1},{"name":"format_quote","id":"format_quote","unicode":"e961","created":1},{"name":"format_shapes","id":"format_shapes","unicode":"e962","created":1},{"name":"format_size","id":"format_size","unicode":"e963","created":1},{"name":"format_strikethrough","id":"format_strikethrough","unicode":"e964","created":1},{"name":"format_textdirection_l_to_r","id":"format_textdirection_l_to_r","unicode":"e965","created":1},{"name":"format_textdirection_r_to_l","id":"format_textdirection_r_to_l","unicode":"e966","created":1},{"name":"format_underlined","id":"format_underlined","unicode":"e967","created":1},{"name":"forum","id":"forum","unicode":"e968","created":1},{"name":"forward","id":"forward","unicode":"e969","created":1},{"name":"forward_10","id":"forward_10","unicode":"e96a","created":1},{"name":"forward_30","id":"forward_30","unicode":"e96b","created":1},{"name":"forward_5","id":"forward_5","unicode":"e96c","created":1},{"name":"free_breakfast","id":"free_breakfast","unicode":"e96d","created":1},{"name":"fullscreen","id":"fullscreen","unicode":"e96e","created":1},{"name":"fullscreen_exit","id":"fullscreen_exit","unicode":"e96f","created":1},{"name":"functions","id":"functions","unicode":"e970","created":1},{"name":"g_translate","id":"g_translate","unicode":"e971","created":1},{"name":"gamepad","id":"gamepad","unicode":"e972","created":1},{"name":"games","id":"games","unicode":"e973","created":1},{"name":"gavel","id":"gavel","unicode":"e974","created":1},{"name":"gesture","id":"gesture","unicode":"e975","created":1},{"name":"get_app","id":"get_app","unicode":"e976","created":1},{"name":"gif","id":"gif","unicode":"e977","created":1},{"name":"goat","id":"goat","unicode":"e978","created":1},{"name":"golf_course","id":"golf_course","unicode":"e979","created":1},{"name":"gps_fixed","id":"gps_fixed","unicode":"e97a","created":1},{"name":"gps_not_fixed","id":"gps_not_fixed","unicode":"e97b","created":1},{"name":"gps_off","id":"gps_off","unicode":"e97c","created":1},{"name":"grade","id":"grade","unicode":"e97d","created":1},{"name":"gradient","id":"gradient","unicode":"e97e","created":1},{"name":"grain","id":"grain","unicode":"e97f","created":1},{"name":"graphic_eq","id":"graphic_eq","unicode":"e980","created":1},{"name":"grid_off","id":"grid_off","unicode":"e981","created":1},{"name":"grid_on","id":"grid_on","unicode":"e982","created":1},{"name":"group","id":"group","unicode":"e983","created":1},{"name":"group_add","id":"group_add","unicode":"e984","created":1},{"name":"group_work","id":"group_work","unicode":"e985","created":1},{"name":"hd","id":"hd","unicode":"e986","created":1},{"name":"hdr_off","id":"hdr_off","unicode":"e987","created":1},{"name":"hdr_on","id":"hdr_on","unicode":"e988","created":1},{"name":"hdr_strong","id":"hdr_strong","unicode":"e989","created":1},{"name":"hdr_weak","id":"hdr_weak","unicode":"e98a","created":1},{"name":"headset","id":"headset","unicode":"e98b","created":1},{"name":"headset_mic","id":"headset_mic","unicode":"e98c","created":1},{"name":"healing","id":"healing","unicode":"e98d","created":1},{"name":"hearing","id":"hearing","unicode":"e98e","created":1},{"name":"help","id":"help","unicode":"e98f","created":1},{"name":"help_outline","id":"help_outline","unicode":"e990","created":1},{"name":"high_quality","id":"high_quality","unicode":"e991","created":1},{"name":"highlight","id":"highlight","unicode":"e992","created":1},{"name":"highlight_off","id":"highlight_off","unicode":"e993","created":1},{"name":"history","id":"history","unicode":"e994","created":1},{"name":"home","id":"home","unicode":"e995","created":1},{"name":"hot_tub","id":"hot_tub","unicode":"e996","created":1},{"name":"hotel","id":"hotel","unicode":"e997","created":1},{"name":"hourglass_empty","id":"hourglass_empty","unicode":"e998","created":1},{"name":"hourglass_full","id":"hourglass_full","unicode":"e999","created":1},{"name":"http","id":"http","unicode":"e99a","created":1},{"name":"https","id":"https","unicode":"e99b","created":1},{"name":"image","id":"image","unicode":"e99c","created":1},{"name":"image_aspect_ratio","id":"image_aspect_ratio","unicode":"e99d","created":1},{"name":"import_contacts","id":"import_contacts","unicode":"e99e","created":1},{"name":"import_export","id":"import_export","unicode":"e99f","created":1},{"name":"important_devices","id":"important_devices","unicode":"e9a0","created":1},{"name":"inbox","id":"inbox","unicode":"e9a1","created":1},{"name":"indeterminate_check_box","id":"indeterminate_check_box","unicode":"e9a2","created":1},{"name":"info","id":"info","unicode":"e9a3","created":1},{"name":"info_outline","id":"info_outline","unicode":"e9a4","created":1},{"name":"input","id":"input","unicode":"e9a5","created":1},{"name":"insert_chart","id":"insert_chart","unicode":"e9a6","created":1},{"name":"insert_comment","id":"insert_comment","unicode":"e9a7","created":1},{"name":"insert_drive_file","id":"insert_drive_file","unicode":"e9a8","created":1},{"name":"insert_emoticon","id":"insert_emoticon","unicode":"e9a9","created":1},{"name":"insert_invitation","id":"insert_invitation","unicode":"e9aa","created":1},{"name":"insert_link","id":"insert_link","unicode":"e9ab","created":1},{"name":"insert_photo","id":"insert_photo","unicode":"e9ac","created":1},{"name":"invert_colors","id":"invert_colors","unicode":"e9ad","created":1},{"name":"invert_colors_off","id":"invert_colors_off","unicode":"e9ae","created":1},{"name":"iso","id":"iso","unicode":"e9af","created":1},{"name":"keyboard","id":"keyboard","unicode":"e9b0","created":1},{"name":"keyboard_arrow_down","id":"keyboard_arrow_down","unicode":"e9b1","created":1},{"name":"keyboard_arrow_left","id":"keyboard_arrow_left","unicode":"e9b2","created":1},{"name":"keyboard_arrow_right","id":"keyboard_arrow_right","unicode":"e9b3","created":1},{"name":"keyboard_arrow_up","id":"keyboard_arrow_up","unicode":"e9b4","created":1},{"name":"keyboard_backspace","id":"keyboard_backspace","unicode":"e9b5","created":1},{"name":"keyboard_capslock","id":"keyboard_capslock","unicode":"e9b6","created":1},{"name":"keyboard_hide","id":"keyboard_hide","unicode":"e9b7","created":1},{"name":"keyboard_return","id":"keyboard_return","unicode":"e9b8","created":1},{"name":"keyboard_tab","id":"keyboard_tab","unicode":"e9b9","created":1},{"name":"keyboard_voice","id":"keyboard_voice","unicode":"e9ba","created":1},{"name":"kitchen","id":"kitchen","unicode":"e9bb","created":1},{"name":"label","id":"label","unicode":"e9bc","created":1},{"name":"label_outline","id":"label_outline","unicode":"e9bd","created":1},{"name":"landscape","id":"landscape","unicode":"e9be","created":1},{"name":"language","id":"language","unicode":"e9bf","created":1},{"name":"laptop","id":"laptop","unicode":"e9c0","created":1},{"name":"laptop_chromebook","id":"laptop_chromebook","unicode":"e9c1","created":1},{"name":"laptop_mac","id":"laptop_mac","unicode":"e9c2","created":1},{"name":"laptop_windows","id":"laptop_windows","unicode":"e9c3","created":1},{"name":"last_page","id":"last_page","unicode":"e9c4","created":1},{"name":"launch","id":"launch","unicode":"e9c5","created":1},{"name":"layers","id":"layers","unicode":"e9c6","created":1},{"name":"layers_clear","id":"layers_clear","unicode":"e9c7","created":1},{"name":"leak_add","id":"leak_add","unicode":"e9c8","created":1},{"name":"leak_remove","id":"leak_remove","unicode":"e9c9","created":1},{"name":"lens","id":"lens","unicode":"e9ca","created":1},{"name":"library_add","id":"library_add","unicode":"e9cb","created":1},{"name":"library_books","id":"library_books","unicode":"e9cc","created":1},{"name":"library_music","id":"library_music","unicode":"e9cd","created":1},{"name":"lightbulb_outline","id":"lightbulb_outline","unicode":"e9ce","created":1},{"name":"line_style","id":"line_style","unicode":"e9cf","created":1},{"name":"line_weight","id":"line_weight","unicode":"e9d0","created":1},{"name":"linear_scale","id":"linear_scale","unicode":"e9d1","created":1},{"name":"link","id":"link","unicode":"e9d2","created":1},{"name":"linked_camera","id":"linked_camera","unicode":"e9d3","created":1},{"name":"list","id":"list","unicode":"e9d4","created":1},{"name":"live_help","id":"live_help","unicode":"e9d5","created":1},{"name":"live_tv","id":"live_tv","unicode":"e9d6","created":1},{"name":"local_activity","id":"local_activity","unicode":"e9d7","created":1},{"name":"local_airport","id":"local_airport","unicode":"e9d8","created":1},{"name":"local_atm","id":"local_atm","unicode":"e9d9","created":1},{"name":"local_bar","id":"local_bar","unicode":"e9da","created":1},{"name":"local_cafe","id":"local_cafe","unicode":"e9db","created":1},{"name":"local_car_wash","id":"local_car_wash","unicode":"e9dc","created":1},{"name":"local_convenience_store","id":"local_convenience_store","unicode":"e9dd","created":1},{"name":"local_dining","id":"local_dining","unicode":"e9de","created":1},{"name":"local_drink","id":"local_drink","unicode":"e9df","created":1},{"name":"local_florist","id":"local_florist","unicode":"e9e0","created":1},{"name":"local_gas_station","id":"local_gas_station","unicode":"e9e1","created":1},{"name":"local_grocery_store","id":"local_grocery_store","unicode":"e9e2","created":1},{"name":"local_hospital","id":"local_hospital","unicode":"e9e3","created":1},{"name":"local_hotel","id":"local_hotel","unicode":"e9e4","created":1},{"name":"local_laundry_service","id":"local_laundry_service","unicode":"e9e5","created":1},{"name":"local_library","id":"local_library","unicode":"e9e6","created":1},{"name":"local_mall","id":"local_mall","unicode":"e9e7","created":1},{"name":"local_movies","id":"local_movies","unicode":"e9e8","created":1},{"name":"local_offer","id":"local_offer","unicode":"e9e9","created":1},{"name":"local_parking","id":"local_parking","unicode":"e9ea","created":1},{"name":"local_pharmacy","id":"local_pharmacy","unicode":"e9eb","created":1},{"name":"local_phone","id":"local_phone","unicode":"e9ec","created":1},{"name":"local_pizza","id":"local_pizza","unicode":"e9ed","created":1},{"name":"local_play","id":"local_play","unicode":"e9ee","created":1},{"name":"local_post_office","id":"local_post_office","unicode":"e9ef","created":1},{"name":"local_printshop","id":"local_printshop","unicode":"e9f0","created":1},{"name":"local_see","id":"local_see","unicode":"e9f1","created":1},{"name":"local_shipping","id":"local_shipping","unicode":"e9f2","created":1},{"name":"local_taxi","id":"local_taxi","unicode":"e9f3","created":1},{"name":"location_city","id":"location_city","unicode":"e9f4","created":1},{"name":"location_disabled","id":"location_disabled","unicode":"e9f5","created":1},{"name":"location_off","id":"location_off","unicode":"e9f6","created":1},{"name":"location_on","id":"location_on","unicode":"e9f7","created":1},{"name":"location_searching","id":"location_searching","unicode":"e9f8","created":1},{"name":"lock","id":"lock","unicode":"e9f9","created":1},{"name":"lock_open","id":"lock_open","unicode":"e9fa","created":1},{"name":"lock_outline","id":"lock_outline","unicode":"e9fb","created":1},{"name":"looks","id":"looks","unicode":"e9fc","created":1},{"name":"looks_3","id":"looks_3","unicode":"e9fd","created":1},{"name":"looks_4","id":"looks_4","unicode":"e9fe","created":1},{"name":"looks_5","id":"looks_5","unicode":"e9ff","created":1},{"name":"looks_6","id":"looks_6","unicode":"ea00","created":1},{"name":"looks_one","id":"looks_one","unicode":"ea01","created":1},{"name":"looks_two","id":"looks_two","unicode":"ea02","created":1},{"name":"loop","id":"loop","unicode":"ea03","created":1},{"name":"loupe","id":"loupe","unicode":"ea04","created":1},{"name":"low_priority","id":"low_priority","unicode":"ea05","created":1},{"name":"loyalty","id":"loyalty","unicode":"ea06","created":1},{"name":"mail","id":"mail","unicode":"ea07","created":1},{"name":"mail_outline","id":"mail_outline","unicode":"ea08","created":1},{"name":"map","id":"map","unicode":"ea09","created":1},{"name":"markunread","id":"markunread","unicode":"ea0a","created":1},{"name":"markunread_mailbox","id":"markunread_mailbox","unicode":"ea0b","created":1},{"name":"memory","id":"memory","unicode":"ea0c","created":1},{"name":"menu","id":"menu","unicode":"ea0d","created":1},{"name":"merge_type","id":"merge_type","unicode":"ea0e","created":1},{"name":"message","id":"message","unicode":"ea0f","created":1},{"name":"mic","id":"mic","unicode":"ea10","created":1},{"name":"mic_none","id":"mic_none","unicode":"ea11","created":1},{"name":"mic_off","id":"mic_off","unicode":"ea12","created":1},{"name":"mms","id":"mms","unicode":"ea13","created":1},{"name":"mode_comment","id":"mode_comment","unicode":"ea14","created":1},{"name":"mode_edit","id":"mode_edit","unicode":"ea15","created":1},{"name":"monetization_on","id":"monetization_on","unicode":"ea16","created":1},{"name":"money_off","id":"money_off","unicode":"ea17","created":1},{"name":"monochrome_photos","id":"monochrome_photos","unicode":"ea18","created":1},{"name":"mood","id":"mood","unicode":"ea19","created":1},{"name":"mood_bad","id":"mood_bad","unicode":"ea1a","created":1},{"name":"more","id":"more","unicode":"ea1b","created":1},{"name":"more_horiz","id":"more_horiz","unicode":"ea1c","created":1},{"name":"more_vert","id":"more_vert","unicode":"ea1d","created":1},{"name":"motorcycle","id":"motorcycle","unicode":"ea1e","created":1},{"name":"mouse","id":"mouse","unicode":"ea1f","created":1},{"name":"move_to_inbox","id":"move_to_inbox","unicode":"ea20","created":1},{"name":"movie","id":"movie","unicode":"ea21","created":1},{"name":"movie_creation","id":"movie_creation","unicode":"ea22","created":1},{"name":"movie_filter","id":"movie_filter","unicode":"ea23","created":1},{"name":"multiline_chart","id":"multiline_chart","unicode":"ea24","created":1},{"name":"music_note","id":"music_note","unicode":"ea25","created":1},{"name":"music_video","id":"music_video","unicode":"ea26","created":1},{"name":"my_location","id":"my_location","unicode":"ea27","created":1},{"name":"nature","id":"nature","unicode":"ea28","created":1},{"name":"nature_people","id":"nature_people","unicode":"ea29","created":1},{"name":"navigate_before","id":"navigate_before","unicode":"ea2a","created":1},{"name":"navigate_next","id":"navigate_next","unicode":"ea2b","created":1},{"name":"navigation","id":"navigation","unicode":"ea2c","created":1},{"name":"near_me","id":"near_me","unicode":"ea2d","created":1},{"name":"network_cell","id":"network_cell","unicode":"ea2e","created":1},{"name":"network_check","id":"network_check","unicode":"ea2f","created":1},{"name":"network_locked","id":"network_locked","unicode":"ea30","created":1},{"name":"network_wifi","id":"network_wifi","unicode":"ea31","created":1},{"name":"new_releases","id":"new_releases","unicode":"ea32","created":1},{"name":"next_week","id":"next_week","unicode":"ea33","created":1},{"name":"nfc","id":"nfc","unicode":"ea34","created":1},{"name":"no_encryption","id":"no_encryption","unicode":"ea35","created":1},{"name":"no_sim","id":"no_sim","unicode":"ea36","created":1},{"name":"not_interested","id":"not_interested","unicode":"ea37","created":1},{"name":"note","id":"note","unicode":"ea38","created":1},{"name":"note_add","id":"note_add","unicode":"ea39","created":1},{"name":"notifications","id":"notifications","unicode":"ea3a","created":1},{"name":"notifications_active","id":"notifications_active","unicode":"ea3b","created":1},{"name":"notifications_none","id":"notifications_none","unicode":"ea3c","created":1},{"name":"notifications_off","id":"notifications_off","unicode":"ea3d","created":1},{"name":"notifications_paused","id":"notifications_paused","unicode":"ea3e","created":1},{"name":"offline_pin","id":"offline_pin","unicode":"ea3f","created":1},{"name":"ondemand_video","id":"ondemand_video","unicode":"ea40","created":1},{"name":"opacity","id":"opacity","unicode":"ea41","created":1},{"name":"open_in_browser","id":"open_in_browser","unicode":"ea42","created":1},{"name":"open_in_new","id":"open_in_new","unicode":"ea43","created":1},{"name":"open_with","id":"open_with","unicode":"ea44","created":1},{"name":"pages","id":"pages","unicode":"ea45","created":1},{"name":"pageview","id":"pageview","unicode":"ea46","created":1},{"name":"palette","id":"palette","unicode":"ea47","created":1},{"name":"pan_tool","id":"pan_tool","unicode":"ea48","created":1},{"name":"panorama","id":"panorama","unicode":"ea49","created":1},{"name":"panorama_fish_eye","id":"panorama_fish_eye","unicode":"ea4a","created":1},{"name":"panorama_horizontal","id":"panorama_horizontal","unicode":"ea4b","created":1},{"name":"panorama_vertical","id":"panorama_vertical","unicode":"ea4c","created":1},{"name":"panorama_wide_angle","id":"panorama_wide_angle","unicode":"ea4d","created":1},{"name":"party_mode","id":"party_mode","unicode":"ea4e","created":1},{"name":"pause","id":"pause","unicode":"ea4f","created":1},{"name":"pause_circle_filled","id":"pause_circle_filled","unicode":"ea50","created":1},{"name":"pause_circle_outline","id":"pause_circle_outline","unicode":"ea51","created":1},{"name":"payment","id":"payment","unicode":"ea52","created":1},{"name":"people","id":"people","unicode":"ea53","created":1},{"name":"people_outline","id":"people_outline","unicode":"ea54","created":1},{"name":"perm_camera_mic","id":"perm_camera_mic","unicode":"ea55","created":1},{"name":"perm_contact_calendar","id":"perm_contact_calendar","unicode":"ea56","created":1},{"name":"perm_data_setting","id":"perm_data_setting","unicode":"ea57","created":1},{"name":"perm_device_information","id":"perm_device_information","unicode":"ea58","created":1},{"name":"perm_identity","id":"perm_identity","unicode":"ea59","created":1},{"name":"perm_media","id":"perm_media","unicode":"ea5a","created":1},{"name":"perm_phone_msg","id":"perm_phone_msg","unicode":"ea5b","created":1},{"name":"perm_scan_wifi","id":"perm_scan_wifi","unicode":"ea5c","created":1},{"name":"person","id":"person","unicode":"ea5d","created":1},{"name":"person_add","id":"person_add","unicode":"ea5e","created":1},{"name":"person_outline","id":"person_outline","unicode":"ea5f","created":1},{"name":"person_pin","id":"person_pin","unicode":"ea60","created":1},{"name":"person_pin_circle","id":"person_pin_circle","unicode":"ea61","created":1},{"name":"personal_video","id":"personal_video","unicode":"ea62","created":1},{"name":"pets","id":"pets","unicode":"ea63","created":1},{"name":"phone","id":"phone","unicode":"ea64","created":1},{"name":"phone_android","id":"phone_android","unicode":"ea65","created":1},{"name":"phone_bluetooth_speaker","id":"phone_bluetooth_speaker","unicode":"ea66","created":1},{"name":"phone_forwarded","id":"phone_forwarded","unicode":"ea67","created":1},{"name":"phone_in_talk","id":"phone_in_talk","unicode":"ea68","created":1},{"name":"phone_iphone","id":"phone_iphone","unicode":"ea69","created":1},{"name":"phone_locked","id":"phone_locked","unicode":"ea6a","created":1},{"name":"phone_missed","id":"phone_missed","unicode":"ea6b","created":1},{"name":"phone_paused","id":"phone_paused","unicode":"ea6c","created":1},{"name":"phonelink","id":"phonelink","unicode":"ea6d","created":1},{"name":"phonelink_erase","id":"phonelink_erase","unicode":"ea6e","created":1},{"name":"phonelink_lock","id":"phonelink_lock","unicode":"ea6f","created":1},{"name":"phonelink_off","id":"phonelink_off","unicode":"ea70","created":1},{"name":"phonelink_ring","id":"phonelink_ring","unicode":"ea71","created":1},{"name":"phonelink_setup","id":"phonelink_setup","unicode":"ea72","created":1},{"name":"photo","id":"photo","unicode":"ea73","created":1},{"name":"photo_album","id":"photo_album","unicode":"ea74","created":1},{"name":"photo_camera","id":"photo_camera","unicode":"ea75","created":1},{"name":"photo_filter","id":"photo_filter","unicode":"ea76","created":1},{"name":"photo_library","id":"photo_library","unicode":"ea77","created":1},{"name":"photo_size_select_actual","id":"photo_size_select_actual","unicode":"ea78","created":1},{"name":"photo_size_select_large","id":"photo_size_select_large","unicode":"ea79","created":1},{"name":"photo_size_select_small","id":"photo_size_select_small","unicode":"ea7a","created":1},{"name":"picture_as_pdf","id":"picture_as_pdf","unicode":"ea7b","created":1},{"name":"picture_in_picture","id":"picture_in_picture","unicode":"ea7c","created":1},{"name":"picture_in_picture_alt","id":"picture_in_picture_alt","unicode":"ea7d","created":1},{"name":"pie_chart","id":"pie_chart","unicode":"ea7e","created":1},{"name":"pie_chart_outlined","id":"pie_chart_outlined","unicode":"ea7f","created":1},{"name":"pin_drop","id":"pin_drop","unicode":"ea80","created":1},{"name":"place","id":"place","unicode":"ea81","created":1},{"name":"play_arrow","id":"play_arrow","unicode":"ea82","created":1},{"name":"play_circle_filled","id":"play_circle_filled","unicode":"ea83","created":1},{"name":"play_circle_outline","id":"play_circle_outline","unicode":"ea84","created":1},{"name":"play_for_work","id":"play_for_work","unicode":"ea85","created":1},{"name":"playlist_add","id":"playlist_add","unicode":"ea86","created":1},{"name":"playlist_add_check","id":"playlist_add_check","unicode":"ea87","created":1},{"name":"playlist_play","id":"playlist_play","unicode":"ea88","created":1},{"name":"plus_one","id":"plus_one","unicode":"ea89","created":1},{"name":"poll","id":"poll","unicode":"ea8a","created":1},{"name":"polymer","id":"polymer","unicode":"ea8b","created":1},{"name":"pool","id":"pool","unicode":"ea8c","created":1},{"name":"portable_wifi_off","id":"portable_wifi_off","unicode":"ea8d","created":1},{"name":"portrait","id":"portrait","unicode":"ea8e","created":1},{"name":"power","id":"power","unicode":"ea8f","created":1},{"name":"power_input","id":"power_input","unicode":"ea90","created":1},{"name":"power_settings_new","id":"power_settings_new","unicode":"ea91","created":1},{"name":"pregnant_woman","id":"pregnant_woman","unicode":"ea92","created":1},{"name":"present_to_all","id":"present_to_all","unicode":"ea93","created":1},{"name":"print","id":"print","unicode":"ea94","created":1},{"name":"priority_high","id":"priority_high","unicode":"ea95","created":1},{"name":"public","id":"public","unicode":"ea96","created":1},{"name":"publish","id":"publish","unicode":"ea97","created":1},{"name":"query_builder","id":"query_builder","unicode":"ea98","created":1},{"name":"question_answer","id":"question_answer","unicode":"ea99","created":1},{"name":"queue","id":"queue","unicode":"ea9a","created":1},{"name":"queue_music","id":"queue_music","unicode":"ea9b","created":1},{"name":"queue_play_next","id":"queue_play_next","unicode":"ea9c","created":1},{"name":"radio","id":"radio","unicode":"ea9d","created":1},{"name":"radio_button_checked","id":"radio_button_checked","unicode":"ea9e","created":1},{"name":"radio_button_unchecked","id":"radio_button_unchecked","unicode":"ea9f","created":1},{"name":"rate_review","id":"rate_review","unicode":"eaa0","created":1},{"name":"receipt","id":"receipt","unicode":"eaa1","created":1},{"name":"recent_actors","id":"recent_actors","unicode":"eaa2","created":1},{"name":"record_voice_over","id":"record_voice_over","unicode":"eaa3","created":1},{"name":"redeem","id":"redeem","unicode":"eaa4","created":1},{"name":"redo","id":"redo","unicode":"eaa5","created":1},{"name":"refresh","id":"refresh","unicode":"eaa6","created":1},{"name":"remove","id":"remove","unicode":"eaa7","created":1},{"name":"remove_circle","id":"remove_circle","unicode":"eaa8","created":1},{"name":"remove_circle_outline","id":"remove_circle_outline","unicode":"eaa9","created":1},{"name":"remove_from_queue","id":"remove_from_queue","unicode":"eaaa","created":1},{"name":"remove_red_eye","id":"remove_red_eye","unicode":"eaab","created":1},{"name":"remove_shopping_cart","id":"remove_shopping_cart","unicode":"eaac","created":1},{"name":"reorder","id":"reorder","unicode":"eaad","created":1},{"name":"repeat","id":"repeat","unicode":"eaae","created":1},{"name":"repeat_one","id":"repeat_one","unicode":"eaaf","created":1},{"name":"replay","id":"replay","unicode":"eab0","created":1},{"name":"replay_10","id":"replay_10","unicode":"eab1","created":1},{"name":"replay_30","id":"replay_30","unicode":"eab2","created":1},{"name":"replay_5","id":"replay_5","unicode":"eab3","created":1},{"name":"reply","id":"reply","unicode":"eab4","created":1},{"name":"reply_all","id":"reply_all","unicode":"eab5","created":1},{"name":"report","id":"report","unicode":"eab6","created":1},{"name":"report_problem","id":"report_problem","unicode":"eab7","created":1},{"name":"restaurant","id":"restaurant","unicode":"eab8","created":1},{"name":"restaurant_menu","id":"restaurant_menu","unicode":"eab9","created":1},{"name":"restore","id":"restore","unicode":"eaba","created":1},{"name":"restore_page","id":"restore_page","unicode":"eabb","created":1},{"name":"ring_volume","id":"ring_volume","unicode":"eabc","created":1},{"name":"room","id":"room","unicode":"eabd","created":1},{"name":"room_service","id":"room_service","unicode":"eabe","created":1},{"name":"rotate_90_degrees_ccw","id":"rotate_90_degrees_ccw","unicode":"eabf","created":1},{"name":"rotate_left","id":"rotate_left","unicode":"eac0","created":1},{"name":"rotate_right","id":"rotate_right","unicode":"eac1","created":1},{"name":"rounded_corner","id":"rounded_corner","unicode":"eac2","created":1},{"name":"router","id":"router","unicode":"eac3","created":1},{"name":"rowing","id":"rowing","unicode":"eac4","created":1},{"name":"rss_feed","id":"rss_feed","unicode":"eac5","created":1},{"name":"rv_hookup","id":"rv_hookup","unicode":"eac6","created":1},{"name":"satellite","id":"satellite","unicode":"eac7","created":1},{"name":"save","id":"save","unicode":"eac8","created":1},{"name":"scanner","id":"scanner","unicode":"eac9","created":1},{"name":"schedule","id":"schedule","unicode":"eaca","created":1},{"name":"school","id":"school","unicode":"eacb","created":1},{"name":"screen_lock_landscape","id":"screen_lock_landscape","unicode":"eacc","created":1},{"name":"screen_lock_portrait","id":"screen_lock_portrait","unicode":"eacd","created":1},{"name":"screen_lock_rotation","id":"screen_lock_rotation","unicode":"eace","created":1},{"name":"screen_rotation","id":"screen_rotation","unicode":"eacf","created":1},{"name":"screen_share","id":"screen_share","unicode":"ead0","created":1},{"name":"sd_card","id":"sd_card","unicode":"ead1","created":1},{"name":"sd_storage","id":"sd_storage","unicode":"ead2","created":1},{"name":"search","id":"search","unicode":"ead3","created":1},{"name":"security","id":"security","unicode":"ead4","created":1},{"name":"select_all","id":"select_all","unicode":"ead5","created":1},{"name":"send","id":"send","unicode":"ead6","created":1},{"name":"sentiment_dissatisfied","id":"sentiment_dissatisfied","unicode":"ead7","created":1},{"name":"sentiment_neutral","id":"sentiment_neutral","unicode":"ead8","created":1},{"name":"sentiment_satisfied","id":"sentiment_satisfied","unicode":"ead9","created":1},{"name":"sentiment_very_dissatisfied","id":"sentiment_very_dissatisfied","unicode":"eada","created":1},{"name":"sentiment_very_satisfied","id":"sentiment_very_satisfied","unicode":"eadb","created":1},{"name":"settings","id":"settings","unicode":"eadc","created":1},{"name":"settings_applications","id":"settings_applications","unicode":"eadd","created":1},{"name":"settings_backup_restore","id":"settings_backup_restore","unicode":"eade","created":1},{"name":"settings_bluetooth","id":"settings_bluetooth","unicode":"eadf","created":1},{"name":"settings_brightness","id":"settings_brightness","unicode":"eae0","created":1},{"name":"settings_cell","id":"settings_cell","unicode":"eae1","created":1},{"name":"settings_ethernet","id":"settings_ethernet","unicode":"eae2","created":1},{"name":"settings_input_antenna","id":"settings_input_antenna","unicode":"eae3","created":1},{"name":"settings_input_component","id":"settings_input_component","unicode":"eae4","created":1},{"name":"settings_input_composite","id":"settings_input_composite","unicode":"eae5","created":1},{"name":"settings_input_hdmi","id":"settings_input_hdmi","unicode":"eae6","created":1},{"name":"settings_input_svideo","id":"settings_input_svideo","unicode":"eae7","created":1},{"name":"settings_overscan","id":"settings_overscan","unicode":"eae8","created":1},{"name":"settings_phone","id":"settings_phone","unicode":"eae9","created":1},{"name":"settings_power","id":"settings_power","unicode":"eaea","created":1},{"name":"settings_remote","id":"settings_remote","unicode":"eaeb","created":1},{"name":"settings_system_daydream","id":"settings_system_daydream","unicode":"eaec","created":1},{"name":"settings_voice","id":"settings_voice","unicode":"eaed","created":1},{"name":"share","id":"share","unicode":"eaee","created":1},{"name":"shop","id":"shop","unicode":"eaef","created":1},{"name":"shop_two","id":"shop_two","unicode":"eaf0","created":1},{"name":"shopping_basket","id":"shopping_basket","unicode":"eaf1","created":1},{"name":"shopping_cart","id":"shopping_cart","unicode":"eaf2","created":1},{"name":"short_text","id":"short_text","unicode":"eaf3","created":1},{"name":"show_chart","id":"show_chart","unicode":"eaf4","created":1},{"name":"shuffle","id":"shuffle","unicode":"eaf5","created":1},{"name":"signal_cellular_4_bar","id":"signal_cellular_4_bar","unicode":"eaf6","created":1},{"name":"signal_cellular_connected_no_internet_4_bar","id":"signal_cellular_connected_no_internet_4_bar","unicode":"eaf7","created":1},{"name":"signal_cellular_no_sim","id":"signal_cellular_no_sim","unicode":"eaf8","created":1},{"name":"signal_cellular_null","id":"signal_cellular_null","unicode":"eaf9","created":1},{"name":"signal_cellular_off","id":"signal_cellular_off","unicode":"eafa","created":1},{"name":"signal_wifi_4_bar","id":"signal_wifi_4_bar","unicode":"eafb","created":1},{"name":"signal_wifi_4_bar_lock","id":"signal_wifi_4_bar_lock","unicode":"eafc","created":1},{"name":"signal_wifi_off","id":"signal_wifi_off","unicode":"eafd","created":1},{"name":"sim_card","id":"sim_card","unicode":"eafe","created":1},{"name":"sim_card_alert","id":"sim_card_alert","unicode":"eaff","created":1},{"name":"skip_next","id":"skip_next","unicode":"eb00","created":1},{"name":"skip_previous","id":"skip_previous","unicode":"eb01","created":1},{"name":"slideshow","id":"slideshow","unicode":"eb02","created":1},{"name":"slow_motion_video","id":"slow_motion_video","unicode":"eb03","created":1},{"name":"smartphone","id":"smartphone","unicode":"eb04","created":1},{"name":"smoke_free","id":"smoke_free","unicode":"eb05","created":1},{"name":"smoking_rooms","id":"smoking_rooms","unicode":"eb06","created":1},{"name":"sms","id":"sms","unicode":"eb07","created":1},{"name":"sms_failed","id":"sms_failed","unicode":"eb08","created":1},{"name":"snooze","id":"snooze","unicode":"eb09","created":1},{"name":"sort","id":"sort","unicode":"eb0a","created":1},{"name":"sort_by_alpha","id":"sort_by_alpha","unicode":"eb0b","created":1},{"name":"spa","id":"spa","unicode":"eb0c","created":1},{"name":"space_bar","id":"space_bar","unicode":"eb0d","created":1},{"name":"speaker","id":"speaker","unicode":"eb0e","created":1},{"name":"speaker_group","id":"speaker_group","unicode":"eb0f","created":1},{"name":"speaker_notes","id":"speaker_notes","unicode":"eb10","created":1},{"name":"speaker_notes_off","id":"speaker_notes_off","unicode":"eb11","created":1},{"name":"speaker_phone","id":"speaker_phone","unicode":"eb12","created":1},{"name":"spellcheck","id":"spellcheck","unicode":"eb13","created":1},{"name":"star","id":"star","unicode":"eb14","created":1},{"name":"star_border","id":"star_border","unicode":"eb15","created":1},{"name":"star_half","id":"star_half","unicode":"eb16","created":1},{"name":"stars","id":"stars","unicode":"eb17","created":1},{"name":"stay_current_landscape","id":"stay_current_landscape","unicode":"eb18","created":1},{"name":"stay_current_portrait","id":"stay_current_portrait","unicode":"eb19","created":1},{"name":"stay_primary_landscape","id":"stay_primary_landscape","unicode":"eb1a","created":1},{"name":"stay_primary_portrait","id":"stay_primary_portrait","unicode":"eb1b","created":1},{"name":"stop","id":"stop","unicode":"eb1c","created":1},{"name":"stop_screen_share","id":"stop_screen_share","unicode":"eb1d","created":1},{"name":"storage","id":"storage","unicode":"eb1e","created":1},{"name":"store","id":"store","unicode":"eb1f","created":1},{"name":"store_mall_directory","id":"store_mall_directory","unicode":"eb20","created":1},{"name":"straighten","id":"straighten","unicode":"eb21","created":1},{"name":"streetview","id":"streetview","unicode":"eb22","created":1},{"name":"strikethrough_s","id":"strikethrough_s","unicode":"eb23","created":1},{"name":"style","id":"style","unicode":"eb24","created":1},{"name":"subdirectory_arrow_left","id":"subdirectory_arrow_left","unicode":"eb25","created":1},{"name":"subdirectory_arrow_right","id":"subdirectory_arrow_right","unicode":"eb26","created":1},{"name":"subject","id":"subject","unicode":"eb27","created":1},{"name":"subscriptions","id":"subscriptions","unicode":"eb28","created":1},{"name":"subtitles","id":"subtitles","unicode":"eb29","created":1},{"name":"subway","id":"subway","unicode":"eb2a","created":1},{"name":"supervisor_account","id":"supervisor_account","unicode":"eb2b","created":1},{"name":"surround_sound","id":"surround_sound","unicode":"eb2c","created":1},{"name":"swap_calls","id":"swap_calls","unicode":"eb2d","created":1},{"name":"swap_horiz","id":"swap_horiz","unicode":"eb2e","created":1},{"name":"swap_vert","id":"swap_vert","unicode":"eb2f","created":1},{"name":"swap_vertical_circle","id":"swap_vertical_circle","unicode":"eb30","created":1},{"name":"switch_camera","id":"switch_camera","unicode":"eb31","created":1},{"name":"switch_video","id":"switch_video","unicode":"eb32","created":1},{"name":"sync","id":"sync","unicode":"eb33","created":1},{"name":"sync_disabled","id":"sync_disabled","unicode":"eb34","created":1},{"name":"sync_problem","id":"sync_problem","unicode":"eb35","created":1},{"name":"system_update","id":"system_update","unicode":"eb36","created":1},{"name":"system_update_alt","id":"system_update_alt","unicode":"eb37","created":1},{"name":"tab","id":"tab","unicode":"eb38","created":1},{"name":"tab_unselected","id":"tab_unselected","unicode":"eb39","created":1},{"name":"tablet","id":"tablet","unicode":"eb3a","created":1},{"name":"tablet_android","id":"tablet_android","unicode":"eb3b","created":1},{"name":"tablet_mac","id":"tablet_mac","unicode":"eb3c","created":1},{"name":"tag_faces","id":"tag_faces","unicode":"eb3d","created":1},{"name":"tap_and_play","id":"tap_and_play","unicode":"eb3e","created":1},{"name":"terrain","id":"terrain","unicode":"eb3f","created":1},{"name":"text_fields","id":"text_fields","unicode":"eb40","created":1},{"name":"text_format","id":"text_format","unicode":"eb41","created":1},{"name":"textsms","id":"textsms","unicode":"eb42","created":1},{"name":"texture","id":"texture","unicode":"eb43","created":1},{"name":"theaters","id":"theaters","unicode":"eb44","created":1},{"name":"thumb_down","id":"thumb_down","unicode":"eb45","created":1},{"name":"thumb_up","id":"thumb_up","unicode":"eb46","created":1},{"name":"thumbs_up_down","id":"thumbs_up_down","unicode":"eb47","created":1},{"name":"time_to_leave","id":"time_to_leave","unicode":"eb48","created":1},{"name":"timelapse","id":"timelapse","unicode":"eb49","created":1},{"name":"timeline","id":"timeline","unicode":"eb4a","created":1},{"name":"timer","id":"timer","unicode":"eb4b","created":1},{"name":"timer_10","id":"timer_10","unicode":"eb4c","created":1},{"name":"timer_3","id":"timer_3","unicode":"eb4d","created":1},{"name":"timer_off","id":"timer_off","unicode":"eb4e","created":1},{"name":"title","id":"title","unicode":"eb4f","created":1},{"name":"toc","id":"toc","unicode":"eb50","created":1},{"name":"today","id":"today","unicode":"eb51","created":1},{"name":"toll","id":"toll","unicode":"eb52","created":1},{"name":"tonality","id":"tonality","unicode":"eb53","created":1},{"name":"touch_app","id":"touch_app","unicode":"eb54","created":1},{"name":"toys","id":"toys","unicode":"eb55","created":1},{"name":"track_changes","id":"track_changes","unicode":"eb56","created":1},{"name":"traffic","id":"traffic","unicode":"eb57","created":1},{"name":"train","id":"train","unicode":"eb58","created":1},{"name":"tram","id":"tram","unicode":"eb59","created":1},{"name":"transfer_within_a_station","id":"transfer_within_a_station","unicode":"eb5a","created":1},{"name":"transform","id":"transform","unicode":"eb5b","created":1},{"name":"translate","id":"translate","unicode":"eb5c","created":1},{"name":"trending_down","id":"trending_down","unicode":"eb5d","created":1},{"name":"trending_flat","id":"trending_flat","unicode":"eb5e","created":1},{"name":"trending_up","id":"trending_up","unicode":"eb5f","created":1},{"name":"tune","id":"tune","unicode":"eb60","created":1},{"name":"turned_in","id":"turned_in","unicode":"eb61","created":1},{"name":"turned_in_not","id":"turned_in_not","unicode":"eb62","created":1},{"name":"tv","id":"tv","unicode":"eb63","created":1},{"name":"unarchive","id":"unarchive","unicode":"eb64","created":1},{"name":"undo","id":"undo","unicode":"eb65","created":1},{"name":"unfold_less","id":"unfold_less","unicode":"eb66","created":1},{"name":"unfold_more","id":"unfold_more","unicode":"eb67","created":1},{"name":"update","id":"update","unicode":"eb68","created":1},{"name":"usb","id":"usb","unicode":"eb69","created":1},{"name":"verified_user","id":"verified_user","unicode":"eb6a","created":1},{"name":"vertical_align_bottom","id":"vertical_align_bottom","unicode":"eb6b","created":1},{"name":"vertical_align_center","id":"vertical_align_center","unicode":"eb6c","created":1},{"name":"vertical_align_top","id":"vertical_align_top","unicode":"eb6d","created":1},{"name":"vibration","id":"vibration","unicode":"eb6e","created":1},{"name":"video_call","id":"video_call","unicode":"eb6f","created":1},{"name":"video_label","id":"video_label","unicode":"eb70","created":1},{"name":"video_library","id":"video_library","unicode":"eb71","created":1},{"name":"videocam","id":"videocam","unicode":"eb72","created":1},{"name":"videocam_off","id":"videocam_off","unicode":"eb73","created":1},{"name":"videogame_asset","id":"videogame_asset","unicode":"eb74","created":1},{"name":"view_agenda","id":"view_agenda","unicode":"eb75","created":1},{"name":"view_array","id":"view_array","unicode":"eb76","created":1},{"name":"view_carousel","id":"view_carousel","unicode":"eb77","created":1},{"name":"view_column","id":"view_column","unicode":"eb78","created":1},{"name":"view_comfy","id":"view_comfy","unicode":"eb79","created":1},{"name":"view_compact","id":"view_compact","unicode":"eb7a","created":1},{"name":"view_day","id":"view_day","unicode":"eb7b","created":1},{"name":"view_headline","id":"view_headline","unicode":"eb7c","created":1},{"name":"view_list","id":"view_list","unicode":"eb7d","created":1},{"name":"view_module","id":"view_module","unicode":"eb7e","created":1},{"name":"view_quilt","id":"view_quilt","unicode":"eb7f","created":1},{"name":"view_stream","id":"view_stream","unicode":"eb80","created":1},{"name":"view_week","id":"view_week","unicode":"eb81","created":1},{"name":"vignette","id":"vignette","unicode":"eb82","created":1},{"name":"visibility","id":"visibility","unicode":"eb83","created":1},{"name":"visibility_off","id":"visibility_off","unicode":"eb84","created":1},{"name":"voice_chat","id":"voice_chat","unicode":"eb85","created":1},{"name":"voicemail","id":"voicemail","unicode":"eb86","created":1},{"name":"volume_down","id":"volume_down","unicode":"eb87","created":1},{"name":"volume_mute","id":"volume_mute","unicode":"eb88","created":1},{"name":"volume_off","id":"volume_off","unicode":"eb89","created":1},{"name":"volume_up","id":"volume_up","unicode":"eb8a","created":1},{"name":"vpn_key","id":"vpn_key","unicode":"eb8b","created":1},{"name":"vpn_lock","id":"vpn_lock","unicode":"eb8c","created":1},{"name":"wallpaper","id":"wallpaper","unicode":"eb8d","created":1},{"name":"warning","id":"warning","unicode":"eb8e","created":1},{"name":"watch","id":"watch","unicode":"eb8f","created":1},{"name":"watch_later","id":"watch_later","unicode":"eb90","created":1},{"name":"wb_auto","id":"wb_auto","unicode":"eb91","created":1},{"name":"wb_cloudy","id":"wb_cloudy","unicode":"eb92","created":1},{"name":"wb_incandescent","id":"wb_incandescent","unicode":"eb93","created":1},{"name":"wb_iridescent","id":"wb_iridescent","unicode":"eb94","created":1},{"name":"wb_sunny","id":"wb_sunny","unicode":"eb95","created":1},{"name":"wc","id":"wc","unicode":"eb96","created":1},{"name":"web","id":"web","unicode":"eb97","created":1},{"name":"web_asset","id":"web_asset","unicode":"eb98","created":1},{"name":"weekend","id":"weekend","unicode":"eb99","created":1},{"name":"whatshot","id":"whatshot","unicode":"eb9a","created":1},{"name":"widgets","id":"widgets","unicode":"eb9b","created":1},{"name":"wifi","id":"wifi","unicode":"eb9c","created":1},{"name":"wifi_lock","id":"wifi_lock","unicode":"eb9d","created":1},{"name":"wifi_tethering","id":"wifi_tethering","unicode":"eb9e","created":1},{"name":"work","id":"work","unicode":"eb9f","created":1},{"name":"wrap_text","id":"wrap_text","unicode":"eba0","created":1},{"name":"youtube_searched_for","id":"youtube_searched_for","unicode":"eba1","created":1},{"name":"zoom_in","id":"zoom_in","unicode":"eba2","created":1},{"name":"zoom_out","id":"zoom_out","unicode":"eba3","created":1},{"name":"zoom_out_map","id":"zoom_out_map","unicode":"eba4","created":1},{"name":"3","id":"3","unicode":"eba5","created":1},{"name":"d","id":"d","unicode":"eba6","created":1},{"name":"_","id":"_","unicode":"eba7","created":1},{"name":"r","id":"r","unicode":"eba8","created":1},{"name":"o","id":"o","unicode":"eba9","created":1},{"name":"t","id":"t","unicode":"ebaa","created":1},{"name":"a","id":"a","unicode":"ebab","created":1},{"name":"i","id":"i","unicode":"ebac","created":1},{"name":"n","id":"n","unicode":"ebad","created":1},{"name":"c","id":"c","unicode":"ebae","created":1},{"name":"u","id":"u","unicode":"ebaf","created":1},{"name":"e","id":"e","unicode":"ebb0","created":1},{"name":"s","id":"s","unicode":"ebb1","created":1},{"name":"l","id":"l","unicode":"ebb2","created":1},{"name":"m","id":"m","unicode":"ebb3","created":1},{"name":"b","id":"b","unicode":"ebb4","created":1},{"name":"y","id":"y","unicode":"ebb5","created":1},{"name":"w","id":"w","unicode":"ebb6","created":1},{"name":"x","id":"x","unicode":"ebb7","created":1},{"name":"p","id":"p","unicode":"ebb8","created":1},{"name":"h","id":"h","unicode":"ebb9","created":1},{"name":"g","id":"g","unicode":"ebba","created":1},{"name":"q","id":"q","unicode":"ebbb","created":1},{"name":"j","id":"j","unicode":"ebbc","created":1},{"name":"f","id":"f","unicode":"ebbd","created":1},{"name":"v","id":"v","unicode":"ebbe","created":1},{"name":"k","id":"k","unicode":"ebbf","created":1},{"name":"z","id":"z","unicode":"ebc0","created":1},{"name":"1","id":"1","unicode":"ebc1","created":1},{"name":"2","id":"2","unicode":"ebc2","created":1},{"name":"4","id":"4","unicode":"ebc3","created":1},{"name":"5","id":"5","unicode":"ebc4","created":1},{"name":"6","id":"6","unicode":"ebc5","created":1},{"name":"7","id":"7","unicode":"ebc6","created":1},{"name":"9","id":"9","unicode":"ebc7","created":1},{"name":"8","id":"8","unicode":"ebc8","created":1},{"name":"0","id":"0","unicode":"ebc9","created":1}]}